0041400132,-1,-1,72.82045,35.21127,0.63843,0,325.89,23.0,2
0041400132,1610612761,101150,73.57193,36.47705,0.0,0,325.89,23.0,2
0041400132,1610612761,101161,90.10954,27.87581,0.0,0,325.89,23.0,2
0041400132,1610612761,202349,81.91493,32.01702,0.0,0,325.89,23.0,2
0041400132,1610612761,201949,57.00134,37.6489,0.0,0,325.89,23.0,2
0041400132,1610612761,201942,66.49361,4.55256,0.0,0,325.89,23.0,2
0041400132,1610612764,1718,28.54023,30.9297,0.0,0,325.89,23.0,2
0041400132,1610612764,2403,27.70773,21.86638,0.0,0,325.89,23.0,2
0041400132,1610612764,202322,46.6295,16.59379,0.0,0,325.89,23.0,2
0041400132,1610612764,203078,71.10319,23.01615,0.0,0,325.89,23.0,2
0041400132,1610612764,203490,53.17452,14.3171,0.0,0,325.89,23.0,2
0041400132,-1,-1,72.6669,35.40976,0.67398,1,325.85,23.0,2
0041400132,1610612761,101150,73.32507,36.53518,0.0,1,325.85,23.0,2
0041400132,1610612761,101161,89.87652,27.84839,0.0,1,325.85,23.0,2
0041400132,1610612761,202349,81.67002,31.9874,0.0,1,325.85,23.0,2
0041400132,1610612761,201949,56.84628,37.69441,0.0,1,325.85,23.0,2
0041400132,1610612761,201942,66.25826,4.53983,0.0,1,325.85,23.0,2
0041400132,1610612764,1718,28.43392,30.98925,0.0,1,325.85,23.0,2
0041400132,1610612764,2403,27.60508,21.86032,0.0,1,325.85,23.0,2
0041400132,1610612764,202322,46.34845,16.67051,0.0,1,325.85,23.0,2
0041400132,1610612764,203078,70.68211,23.08381,0.0,1,325.85,23.0,2
0041400132,1610612764,203490,52.76598,14.17888,0.0,1,325.85,23.0,2
0041400132,-1,-1,72.70354,35.22291,1.26699,2,325.81,23.0,2
0041400132,1610612761,101150,73.04298,36.64177,0.0,2,325.81,23.0,2
0041400132,1610612761,101161,89.6393,27.82649,0.0,2,325.81,23.0,2
0041400132,1610612761,202349,81.42343,31.95923,0.0,2,325.81,23.0,2
0041400132,1610612761,201949,56.6889,37.72657,0.0,2,325.81,23.0,2
0041400132,1610612761,201942,66.02594,4.5197,0.0,2,325.81,23.0,2
0041400132,1610612764,1718,28.33087,31.05495,0.0,2,325.81,23.0,2
0041400132,1610612764,2403,27.50451,21.86268,0.0,2,325.81,23.0,2
0041400132,1610612764,202322,46.07282,16.76692,0.0,2,325.81,23.0,2
0041400132,1610612764,203078,70.26726,23.14988,0.0,2,325.81,23.0,2
0041400132,1610612764,203490,52.35658,14.04114,0.0,2,325.81,23.0,2
0041400132,-1,-1,72.52879,35.26461,1.92201,3,325.77,23.0,2
0041400132,1610612761,101150,72.80133,36.68328,0.0,3,325.77,23.0,2
0041400132,1610612761,101161,89.40135,27.80278,0.0,3,325.77,23.0,2
0041400132,1610612761,202349,81.17985,31.92665,0.0,3,325.77,23.0,2
0041400132,1610612761,201949,56.52886,37.75396,0.0,3,325.77,23.0,2
0041400132,1610612761,201942,65.79643,4.49364,0.0,3,325.77,23.0,2
0041400132,1610612764,1718,28.23571,31.12425,0.0,3,325.77,23.0,2
0041400132,1610612764,2403,27.40241,21.85733,0.0,3,325.77,23.0,2
0041400132,1610612764,202322,45.81041,16.86234,0.0,3,325.77,23.0,2
0041400132,1610612764,203078,69.85793,23.21531,0.0,3,325.77,23.0,2
0041400132,1610612764,203490,51.94936,13.90625,0.0,3,325.77,23.0,2
0041400132,-1,-1,72.44436,35.21529,2.35212,4,325.73,23.0,2
0041400132,1610612761,101150,72.54442,36.70801,0.0,4,325.73,23.0,2
0041400132,1610612761,101161,89.16473,27.77537,0.0,4,325.73,23.0,2
0041400132,1610612761,202349,80.93326,31.88738,0.0,4,325.73,23.0,2
0041400132,1610612761,201949,56.36593,37.77505,0.0,4,325.73,23.0,2
0041400132,1610612761,201942,65.57674,4.46094,0.0,4,325.73,23.0,2
0041400132,1610612764,1718,28.14291,31.19578,0.0,4,325.73,23.0,2
0041400132,1610612764,2403,27.30227,21.85966,0.0,4,325.73,23.0,2
0041400132,1610612764,202322,45.54832,16.95228,0.0,4,325.73,23.0,2
0041400132,1610612764,203078,69.46131,23.24745,0.0,4,325.73,23.0,2
0041400132,1610612764,203490,51.54343,13.77263,0.0,4,325.73,23.0,2
0041400132,-1,-1,72.32812,35.19216,2.73053,5,325.69,23.0,2
0041400132,1610612761,101150,72.26521,36.74844,0.0,5,325.69,23.0,2
0041400132,1610612761,101161,88.9138,27.74726,0.0,5,325.69,23.0,2
0041400132,1610612761,202349,80.69343,31.83879,0.0,5,325.69,23.0,2
0041400132,1610612761,201949,56.20177,37.79165,0.0,5,325.69,23.0,2
0041400132,1610612761,201942,65.36315,4.41735,0.0,5,325.69,23.0,2
0041400132,1610612764,1718,28.05356,31.26826,0.0,5,325.69,23.0,2
0041400132,1610612764,2403,27.20224,21.85942,0.0,5,325.69,23.0,2
0041400132,1610612764,202322,45.29601,17.04611,0.0,5,325.69,23.0,2
0041400132,1610612764,203078,69.05292,23.31815,0.0,5,325.69,23.0,2
0041400132,1610612764,203490,51.13597,13.63695,0.0,5,325.69,23.0,2
0041400132,-1,-1,72.17611,35.18216,3.01509,6,325.65,23.0,2
0041400132,1610612761,101150,71.9741,36.79026,0.0,6,325.65,23.0,2
0041400132,1610612761,101161,88.65007,27.72509,0.0,6,325.65,23.0,2
0041400132,1610612761,202349,80.45418,31.79502,0.0,6,325.65,23.0,2
0041400132,1610612761,201949,56.02864,37.80446,0.0,6,325.65,23.0,2
0041400132,1610612761,201942,65.14653,4.3725,0.0,6,325.65,23.0,2
0041400132,1610612764,1718,27.96531,31.3415,0.0,6,325.65,23.0,2
0041400132,1610612764,2403,27.10537,21.86675,0.0,6,325.65,23.0,2
0041400132,1610612764,202322,45.06295,17.14121,0.0,6,325.65,23.0,2
0041400132,1610612764,203078,68.63739,23.37642,0.0,6,325.65,23.0,2
0041400132,1610612764,203490,50.72367,13.51319,0.0,6,325.65,23.0,2
0041400132,-1,-1,71.95199,35.19047,3.15888,7,325.61,23.0,2
0041400132,1610612761,101150,71.66368,36.84564,0.0,7,325.61,23.0,2
0041400132,1610612761,101161,88.36001,27.72032,0.0,7,325.61,23.0,2
0041400132,1610612761,202349,80.22002,31.74561,0.0,7,325.61,23.0,2
0041400132,1610612761,201949,55.85345,37.81244,0.0,7,325.61,23.0,2
0041400132,1610612761,201942,64.93146,4.33388,0.0,7,325.61,23.0,2
0041400132,1610612764,1718,27.87918,31.41225,0.0,7,325.61,23.0,2
0041400132,1610612764,2403,27.01363,21.88177,0.0,7,325.61,23.0,2
0041400132,1610612764,202322,44.83317,17.24803,0.0,7,325.61,23.0,2
0041400132,1610612764,203078,68.22178,23.42268,0.0,7,325.61,23.0,2
0041400132,1610612764,203490,50.30939,13.39214,0.0,7,325.61,23.0,2
0041400132,-1,-1,71.71148,35.45499,3.48904,8,325.57,23.0,2
0041400132,1610612761,101150,71.33323,36.92081,0.0,8,325.57,23.0,2
0041400132,1610612761,101161,88.06296,27.72817,0.0,8,325.57,23.0,2
0041400132,1610612761,202349,79.98867,31.69183,0.0,8,325.57,23.0,2
0041400132,1610612761,201949,55.67596,37.82446,0.0,8,325.57,23.0,2
0041400132,1610612761,201942,64.7072,4.29757,0.0,8,325.57,23.0,2
0041400132,1610612764,1718,27.79355,31.48445,0.0,8,325.57,23.0,2
0041400132,1610612764,2403,26.88856,21.85654,0.0,8,325.57,23.0,2
0041400132,1610612764,202322,44.60885,17.36457,0.0,8,325.57,23.0,2
0041400132,1610612764,203078,67.80048,23.47016,0.0,8,325.57,23.0,2
0041400132,1610612764,203490,49.89985,13.27008,0.0,8,325.57,23.0,2
0041400132,-1,-1,71.37606,35.37029,3.60525,9,325.53,23.0,2
0041400132,1610612761,101150,70.96765,37.03715,0.0,9,325.53,23.0,2
0041400132,1610612761,101161,87.77047,27.74575,0.0,9,325.53,23.0,2
0041400132,1610612761,202349,79.75281,31.64406,0.0,9,325.53,23.0,2
0041400132,1610612761,201949,55.5043,37.83153,0.0,9,325.53,23.0,2
0041400132,1610612761,201942,64.49478,4.25409,0.0,9,325.53,23.0,2
0041400132,1610612764,1718,27.70981,31.55775,0.0,9,325.53,23.0,2
0041400132,1610612764,2403,26.798,21.87695,0.0,9,325.53,23.0,2
0041400132,1610612764,202322,44.39306,17.48698,0.0,9,325.53,23.0,2
0041400132,1610612764,203078,67.37547,23.51968,0.0,9,325.53,23.0,2
0041400132,1610612764,203490,49.49219,13.16395,0.0,9,325.53,23.0,2
0041400132,-1,-1,70.92,35.45176,3.82361,10,325.49,23.0,2
0041400132,1610612761,101150,70.59938,37.15881,0.0,10,325.49,23.0,2
0041400132,1610612761,101161,87.47533,27.75582,0.0,10,325.49,23.0,2
0041400132,1610612761,202349,79.51903,31.59086,0.0,10,325.49,23.0,2
0041400132,1610612761,201949,55.33008,37.8352,0.0,10,325.49,23.0,2
0041400132,1610612761,201942,64.26671,4.22867,0.0,10,325.49,23.0,2
0041400132,1610612764,1718,27.62564,31.635,0.0,10,325.49,23.0,2
0041400132,1610612764,2403,26.70413,21.89726,0.0,10,325.49,23.0,2
0041400132,1610612764,202322,44.18533,17.61119,0.0,10,325.49,23.0,2
0041400132,1610612764,203078,66.95035,23.56761,0.0,10,325.49,23.0,2
0041400132,1610612764,203490,49.09447,13.0683,0.0,10,325.49,23.0,2
0041400132,-1,-1,70.42564,35.41646,3.99598,11,325.45,23.0,2
0041400132,1610612761,101150,70.21115,37.23162,0.0,11,325.45,23.0,2
0041400132,1610612761,101161,87.1785,27.75783,0.0,11,325.45,23.0,2
0041400132,1610612761,202349,79.27725,31.53539,0.0,11,325.45,23.0,2
0041400132,1610612761,201949,55.15282,37.83228,0.0,11,325.45,23.0,2
0041400132,1610612761,201942,64.03991,4.18992,0.0,11,325.45,23.0,2
0041400132,1610612764,1718,27.54099,31.71237,0.0,11,325.45,23.0,2
0041400132,1610612764,2403,26.60894,21.91809,0.0,11,325.45,23.0,2
0041400132,1610612764,202322,43.99051,17.74149,0.0,11,325.45,23.0,2
0041400132,1610612764,203078,66.52709,23.61444,0.0,11,325.45,23.0,2
0041400132,1610612764,203490,48.70179,12.98276,0.0,11,325.45,23.0,2
0041400132,-1,-1,69.87272,35.63547,4.26217,12,325.41,23.0,2
0041400132,1610612761,101150,69.84656,37.33303,0.0,12,325.41,23.0,2
0041400132,1610612761,101161,86.8805,27.75336,0.0,12,325.41,23.0,2
0041400132,1610612761,202349,79.0395,31.47858,0.0,12,325.41,23.0,2
0041400132,1610612761,201949,54.97232,37.82908,0.0,12,325.41,23.0,2
0041400132,1610612761,201942,63.81032,4.15313,0.0,12,325.41,23.0,2
0041400132,1610612764,1718,27.45641,31.79229,0.0,12,325.41,23.0,2
0041400132,1610612764,2403,26.50465,21.9333,0.0,12,325.41,23.0,2
0041400132,1610612764,202322,43.78287,17.88708,0.0,12,325.41,23.0,2
0041400132,1610612764,203078,66.11203,23.65748,0.0,12,325.41,23.0,2
0041400132,1610612764,203490,48.31026,12.89759,0.0,12,325.41,23.0,2
0041400132,-1,-1,69.40656,35.66532,4.17107,13,325.37,23.0,2
0041400132,1610612761,101150,69.47211,37.42854,0.0,13,325.37,23.0,2
0041400132,1610612761,101161,86.5633,27.75461,0.0,13,325.37,23.0,2
0041400132,1610612761,202349,78.80281,31.4198,0.0,13,325.37,23.0,2
0041400132,1610612761,201949,54.79036,37.82547,0.0,13,325.37,23.0,2
0041400132,1610612761,201942,63.58093,4.11994,0.0,13,325.37,23.0,2
0041400132,1610612764,1718,27.371,31.87247,0.0,13,325.37,23.0,2
0041400132,1610612764,2403,26.3992,21.94667,0.0,13,325.37,23.0,2
0041400132,1610612764,202322,43.57693,18.03379,0.0,13,325.37,23.0,2
0041400132,1610612764,203078,65.68884,23.70468,0.0,13,325.37,23.0,2
0041400132,1610612764,203490,47.91661,12.81542,0.0,13,325.37,23.0,2
0041400132,-1,-1,68.86237,35.814,4.2246,14,325.33,23.0,2
0041400132,1610612761,101150,69.08193,37.52678,0.0,14,325.33,23.0,2
0041400132,1610612761,101161,86.24321,27.75487,0.0,14,325.33,23.0,2
0041400132,1610612761,202349,78.56639,31.36008,0.0,14,325.33,23.0,2
0041400132,1610612761,201949,54.60402,37.82013,0.0,14,325.33,23.0,2
0041400132,1610612761,201942,63.35379,4.08965,0.0,14,325.33,23.0,2
0041400132,1610612764,1718,27.28494,31.95127,0.0,14,325.33,23.0,2
0041400132,1610612764,2403,26.29168,21.95354,0.0,14,325.33,23.0,2
0041400132,1610612764,202322,43.37226,18.18413,0.0,14,325.33,23.0,2
0041400132,1610612764,203078,65.27472,23.74175,0.0,14,325.33,23.0,2
0041400132,1610612764,203490,47.52201,12.73754,0.0,14,325.33,23.0,2
0041400132,-1,-1,68.07124,36.12382,4.48785,15,325.29,23.0,2
0041400132,1610612761,101150,68.67986,37.6428,0.0,15,325.29,23.0,2
0041400132,1610612761,101161,85.92119,27.74565,0.0,15,325.29,23.0,2
0041400132,1610612761,202349,78.33073,31.29343,0.0,15,325.29,23.0,2
0041400132,1610612761,201949,54.41109,37.81946,0.0,15,325.29,23.0,2
0041400132,1610612761,201942,63.12836,4.05976,0.0,15,325.29,23.0,2
0041400132,1610612764,1718,27.20117,32.03404,0.0,15,325.29,23.0,2
0041400132,1610612764,2403,26.18531,21.96151,0.0,15,325.29,23.0,2
0041400132,1610612764,202322,43.18262,18.34454,0.0,15,325.29,23.0,2
0041400132,1610612764,203078,64.86103,23.77632,0.0,15,325.29,23.0,2
0041400132,1610612764,203490,47.12613,12.65504,0.0,15,325.29,23.0,2
0041400132,-1,-1,67.48367,36.32505,4.43643,16,325.25,23.0,2
0041400132,1610612761,101150,68.27596,37.76868,0.0,16,325.25,23.0,2
0041400132,1610612761,101161,85.60529,27.71793,0.0,16,325.25,23.0,2
0041400132,1610612761,202349,78.09018,31.22519,0.0,16,325.25,23.0,2
0041400132,1610612761,201949,54.2128,37.81566,0.0,16,325.25,23.0,2
0041400132,1610612761,201942,62.90264,4.03176,0.0,16,325.25,23.0,2
0041400132,1610612764,1718,27.11728,32.11642,0.0,16,325.25,23.0,2
0041400132,1610612764,2403,26.07726,22.0021,0.0,16,325.25,23.0,2
0041400132,1610612764,202322,42.99353,18.49373,0.0,16,325.25,23.0,2
0041400132,1610612764,203078,64.43593,23.80923,0.0,16,325.25,23.0,2
0041400132,1610612764,203490,46.73247,12.5799,0.0,16,325.25,23.0,2
0041400132,-1,-1,66.93846,36.53764,4.39376,17,325.21,23.0,2
0041400132,1610612761,101150,67.90081,37.85707,0.0,17,325.21,23.0,2
0041400132,1610612761,101161,85.30083,27.68104,0.0,17,325.21,23.0,2
0041400132,1610612761,202349,77.84761,31.16352,0.0,17,325.21,23.0,2
0041400132,1610612761,201949,54.01352,37.81418,0.0,17,325.21,23.0,2
0041400132,1610612761,201942,62.67902,3.99951,0.0,17,325.21,23.0,2
0041400132,1610612764,1718,27.03342,32.19731,0.0,17,325.21,23.0,2
0041400132,1610612764,2403,25.97575,21.97799,0.0,17,325.21,23.0,2
0041400132,1610612764,202322,42.8005,18.62624,0.0,17,325.21,23.0,2
0041400132,1610612764,203078,64.00959,23.84554,0.0,17,325.21,23.0,2
0041400132,1610612764,203490,46.34045,12.51822,0.0,17,325.21,23.0,2
0041400132,-1,-1,66.25578,36.7443,4.17272,18,325.17,22.0,2
0041400132,1610612761,101150,67.46011,38.02129,0.0,18,325.17,22.0,2
0041400132,1610612761,101161,84.99417,27.64448,0.0,18,325.17,22.0,2
0041400132,1610612761,202349,77.60416,31.09951,0.0,18,325.17,22.0,2
0041400132,1610612761,201949,53.81516,37.8173,0.0,18,325.17,22.0,2
0041400132,1610612761,201942,62.45584,3.97094,0.0,18,325.17,22.0,2
0041400132,1610612764,1718,26.94582,32.27778,0.0,18,325.17,22.0,2
0041400132,1610612764,2403,25.86865,21.9222,0.0,18,325.17,22.0,2
0041400132,1610612764,202322,42.60175,18.74886,0.0,18,325.17,22.0,2
0041400132,1610612764,203078,63.57828,23.88702,0.0,18,325.17,22.0,2
0041400132,1610612764,203490,45.9574,12.45171,0.0,18,325.17,22.0,2
0041400132,-1,-1,65.48168,37.08139,3.82637,19,325.13,22.0,2
0041400132,1610612761,101150,67.01203,38.2028,0.0,19,325.13,22.0,2
0041400132,1610612761,101161,84.67075,27.6266,0.0,19,325.13,22.0,2
0041400132,1610612761,202349,77.36214,31.03669,0.0,19,325.13,22.0,2
0041400132,1610612761,201949,53.61634,37.82156,0.0,19,325.13,22.0,2
0041400132,1610612761,201942,62.22458,3.9499,0.0,19,325.13,22.0,2
0041400132,1610612764,1718,26.86194,32.35955,0.0,19,325.13,22.0,2
0041400132,1610612764,2403,25.75794,21.92157,0.0,19,325.13,22.0,2
0041400132,1610612764,202322,42.40167,18.88285,0.0,19,325.13,22.0,2
0041400132,1610612764,203078,63.16024,23.92169,0.0,19,325.13,22.0,2
0041400132,1610612764,203490,45.58153,12.3914,0.0,19,325.13,22.0,2
0041400132,-1,-1,64.63973,37.42813,3.33991,20,325.09,22.0,2
0041400132,1610612761,101150,66.56732,38.37881,0.0,20,325.09,22.0,2
0041400132,1610612761,101161,84.33306,27.60545,0.0,20,325.09,22.0,2
0041400132,1610612761,202349,77.11809,30.98076,0.0,20,325.09,22.0,2
0041400132,1610612761,201949,53.41111,37.82714,0.0,20,325.09,22.0,2
0041400132,1610612761,201942,61.98806,3.93554,0.0,20,325.09,22.0,2
0041400132,1610612764,1718,26.77757,32.43805,0.0,20,325.09,22.0,2
0041400132,1610612764,2403,25.64655,21.91552,0.0,20,325.09,22.0,2
0041400132,1610612764,202322,42.20485,19.01384,0.0,20,325.09,22.0,2
0041400132,1610612764,203078,62.74065,23.95482,0.0,20,325.09,22.0,2
0041400132,1610612764,203490,45.21261,12.33836,0.0,20,325.09,22.0,2
0041400132,-1,-1,63.71505,37.65933,2.56827,21,325.05,22.0,2
0041400132,1610612761,101150,66.1179,38.56586,0.0,21,325.05,22.0,2
0041400132,1610612761,101161,83.9942,27.57389,0.0,21,325.05,22.0,2
0041400132,1610612761,202349,76.88093,30.92454,0.0,21,325.05,22.0,2
0041400132,1610612761,201949,53.20986,37.83243,0.0,21,325.05,22.0,2
0041400132,1610612761,201942,61.7521,3.92203,0.0,21,325.05,22.0,2
0041400132,1610612764,1718,26.69125,32.50534,0.0,21,325.05,22.0,2
0041400132,1610612764,2403,25.53433,21.89841,0.0,21,325.05,22.0,2
0041400132,1610612764,202322,42.0111,19.13874,0.0,21,325.05,22.0,2
0041400132,1610612764,203078,62.33071,23.98654,0.0,21,325.05,22.0,2
0041400132,1610612764,203490,44.85329,12.28126,0.0,21,325.05,22.0,2
0041400132,-1,-1,62.77813,37.92485,1.38627,22,325.01,22.0,2
0041400132,1610612761,101150,65.6704,38.75046,0.0,22,325.01,22.0,2
0041400132,1610612761,101161,83.65864,27.53679,0.0,22,325.01,22.0,2
0041400132,1610612761,202349,76.64244,30.87457,0.0,22,325.01,22.0,2
0041400132,1610612761,201949,53.00946,37.84048,0.0,22,325.01,22.0,2
0041400132,1610612761,201942,61.51243,3.91149,0.0,22,325.01,22.0,2
0041400132,1610612764,1718,26.6058,32.57092,0.0,22,325.01,22.0,2
0041400132,1610612764,2403,25.41918,21.87496,0.0,22,325.01,22.0,2
0041400132,1610612764,202322,41.81984,19.2581,0.0,22,325.01,22.0,2
0041400132,1610612764,203078,61.92568,24.01613,0.0,22,325.01,22.0,2
0041400132,1610612764,203490,44.50084,12.2294,0.0,22,325.01,22.0,2
0041400132,-1,-1,62.16156,38.7439,0.60376,23,324.97,22.0,2
0041400132,1610612761,101150,65.21134,38.9303,0.0,23,324.97,22.0,2
0041400132,1610612761,101161,83.30266,27.50078,0.0,23,324.97,22.0,2
0041400132,1610612761,202349,76.39834,30.8303,0.0,23,324.97,22.0,2
0041400132,1610612761,201949,52.80537,37.83907,0.0,23,324.97,22.0,2
0041400132,1610612761,201942,61.27148,3.90087,0.0,23,324.97,22.0,2
0041400132,1610612764,1718,26.50819,32.57771,0.0,23,324.97,22.0,2
0041400132,1610612764,2403,25.33724,21.88532,0.0,23,324.97,22.0,2
0041400132,1610612764,202322,41.6277,19.37075,0.0,23,324.97,22.0,2
0041400132,1610612764,203078,61.52044,24.044,0.0,23,324.97,22.0,2
0041400132,1610612764,203490,44.15086,12.18076,0.0,23,324.97,22.0,2
0041400132,-1,-1,61.63827,38.80078,0.69914,24,324.93,22.0,2
0041400132,1610612761,101150,64.76722,39.07763,0.0,24,324.93,22.0,2
0041400132,1610612761,101161,82.94636,27.46064,0.0,24,324.93,22.0,2
0041400132,1610612761,202349,76.15681,30.78714,0.0,24,324.93,22.0,2
0041400132,1610612761,201949,52.60288,37.83698,0.0,24,324.93,22.0,2
0041400132,1610612761,201942,61.03042,3.89059,0.0,24,324.93,22.0,2
0041400132,1610612764,1718,26.42472,32.62751,0.0,24,324.93,22.0,2
0041400132,1610612764,2403,25.23025,21.78936,0.0,24,324.93,22.0,2
0041400132,1610612764,202322,41.43679,19.47196,0.0,24,324.93,22.0,2
0041400132,1610612764,203078,61.11834,24.07315,0.0,24,324.93,22.0,2
0041400132,1610612764,203490,43.80362,12.12822,0.0,24,324.93,22.0,2
0041400132,-1,-1,61.17993,39.06222,1.39876,25,324.89,22.0,2
0041400132,1610612761,101150,64.30789,39.22231,0.0,25,324.89,22.0,2
0041400132,1610612761,101161,82.58293,27.42434,0.0,25,324.89,22.0,2
0041400132,1610612761,202349,75.91155,30.7468,0.0,25,324.89,22.0,2
0041400132,1610612761,201949,52.40017,37.83296,0.0,25,324.89,22.0,2
0041400132,1610612761,201942,60.80306,3.86174,0.0,25,324.89,22.0,2
0041400132,1610612764,1718,26.34333,32.67415,0.0,25,324.89,22.0,2
0041400132,1610612764,2403,25.12461,21.6868,0.0,25,324.89,22.0,2
0041400132,1610612764,202322,41.23506,19.58331,0.0,25,324.89,22.0,2
0041400132,1610612764,203078,60.71119,24.0991,0.0,25,324.89,22.0,2
0041400132,1610612764,203490,43.45567,12.06624,0.0,25,324.89,22.0,2
0041400132,-1,-1,60.80304,39.29972,2.04748,26,324.85,22.0,2
0041400132,1610612761,101150,63.85443,39.42292,0.0,26,324.85,22.0,2
0041400132,1610612761,101161,82.21625,27.38546,0.0,26,324.85,22.0,2
0041400132,1610612761,202349,75.66572,30.71377,0.0,26,324.85,22.0,2
0041400132,1610612761,201949,52.19389,37.83464,0.0,26,324.85,22.0,2
0041400132,1610612761,201942,60.58089,3.82288,0.0,26,324.85,22.0,2
0041400132,1610612764,1718,26.25529,32.67516,0.0,26,324.85,22.0,2
0041400132,1610612764,2403,25.02419,21.57748,0.0,26,324.85,22.0,2
0041400132,1610612764,202322,41.02978,19.70791,0.0,26,324.85,22.0,2
0041400132,1610612764,203078,60.30294,24.11705,0.0,26,324.85,22.0,2
0041400132,1610612764,203490,43.11302,12.00268,0.0,26,324.85,22.0,2
0041400132,-1,-1,60.37475,39.62546,2.70818,27,324.81,22.0,2
0041400132,1610612761,101150,63.37491,39.59319,0.0,27,324.81,22.0,2
0041400132,1610612761,101161,81.8339,27.36104,0.0,27,324.81,22.0,2
0041400132,1610612761,202349,75.41874,30.67694,0.0,27,324.81,22.0,2
0041400132,1610612761,201949,51.98396,37.83498,0.0,27,324.81,22.0,2
0041400132,1610612761,201942,60.36271,3.78325,0.0,27,324.81,22.0,2
0041400132,1610612764,1718,26.16875,32.67451,0.0,27,324.81,22.0,2
0041400132,1610612764,2403,24.93014,21.47659,0.0,27,324.81,22.0,2
0041400132,1610612764,202322,40.83773,19.84399,0.0,27,324.81,22.0,2
0041400132,1610612764,203078,59.89322,24.12899,0.0,27,324.81,22.0,2
0041400132,1610612764,203490,42.7688,11.93868,0.0,27,324.81,22.0,2
0041400132,-1,-1,59.89042,39.85683,3.19366,28,324.77,22.0,2
0041400132,1610612761,101150,62.89495,39.77101,0.0,28,324.77,22.0,2
0041400132,1610612761,101161,81.46088,27.33396,0.0,28,324.77,22.0,2
0041400132,1610612761,202349,75.17189,30.63441,0.0,28,324.77,22.0,2
0041400132,1610612761,201949,51.7706,37.8335,0.0,28,324.77,22.0,2
0041400132,1610612761,201942,60.14098,3.74033,0.0,28,324.77,22.0,2
0041400132,1610612764,1718,26.08679,32.67424,0.0,28,324.77,22.0,2
0041400132,1610612764,2403,24.83787,21.37796,0.0,28,324.77,22.0,2
0041400132,1610612764,202322,40.64242,19.9811,0.0,28,324.77,22.0,2
0041400132,1610612764,203078,59.47148,24.12956,0.0,28,324.77,22.0,2
0041400132,1610612764,203490,42.42758,11.87858,0.0,28,324.77,22.0,2
0041400132,-1,-1,59.53887,40.14149,3.80076,29,324.73,22.0,2
0041400132,1610612761,101150,62.42343,39.95766,0.0,29,324.73,22.0,2
0041400132,1610612761,101161,81.09025,27.31374,0.0,29,324.73,22.0,2
0041400132,1610612761,202349,74.92824,30.58251,0.0,29,324.73,22.0,2
0041400132,1610612761,201949,51.55944,37.83451,0.0,29,324.73,22.0,2
0041400132,1610612761,201942,59.91475,3.69804,0.0,29,324.73,22.0,2
0041400132,1610612764,1718,26.0114,32.67963,0.0,29,324.73,22.0,2
0041400132,1610612764,2403,24.74767,21.28095,0.0,29,324.73,22.0,2
0041400132,1610612764,202322,40.44883,20.11591,0.0,29,324.73,22.0,2
0041400132,1610612764,203078,59.0411,24.12361,0.0,29,324.73,22.0,2
0041400132,1610612764,203490,42.09168,11.81951,0.0,29,324.73,22.0,2
0041400132,-1,-1,59.10203,40.31176,4.14268,30,324.69,22.0,2
0041400132,1610612761,101150,61.95868,40.13455,0.0,30,324.69,22.0,2
0041400132,1610612761,101161,80.72307,27.28906,0.0,30,324.69,22.0,2
0041400132,1610612761,202349,74.68467,30.53074,0.0,30,324.69,22.0,2
0041400132,1610612761,201949,51.34753,37.83345,0.0,30,324.69,22.0,2
0041400132,1610612761,201942,59.68171,3.65642,0.0,30,324.69,22.0,2
0041400132,1610612764,1718,25.94054,32.6865,0.0,30,324.69,22.0,2
0041400132,1610612764,2403,24.65753,21.22276,0.0,30,324.69,22.0,2
0041400132,1610612764,202322,40.25367,20.25227,0.0,30,324.69,22.0,2
0041400132,1610612764,203078,58.61863,24.11653,0.0,30,324.69,22.0,2
0041400132,1610612764,203490,41.75803,11.75569,0.0,30,324.69,22.0,2
0041400132,-1,-1,58.85422,40.7256,4.69977,31,324.65,22.0,2
0041400132,1610612761,101150,61.48179,40.30781,0.0,31,324.65,22.0,2
0041400132,1610612761,101161,80.35665,27.26879,0.0,31,324.65,22.0,2
0041400132,1610612761,202349,74.44162,30.47993,0.0,31,324.65,22.0,2
0041400132,1610612761,201949,51.13318,37.8333,0.0,31,324.65,22.0,2
0041400132,1610612761,201942,59.44764,3.6172,0.0,31,324.65,22.0,2
0041400132,1610612764,1718,25.87634,32.69789,0.0,31,324.65,22.0,2
0041400132,1610612764,2403,24.5667,21.0886,0.0,31,324.65,22.0,2
0041400132,1610612764,202322,40.05476,20.38971,0.0,31,324.65,22.0,2
0041400132,1610612764,203078,58.19796,24.11335,0.0,31,324.65,22.0,2
0041400132,1610612764,203490,41.43571,11.70432,0.0,31,324.65,22.0,2
0041400132,-1,-1,58.3472,40.91981,4.83501,32,324.61,22.0,2
0041400132,1610612761,101150,60.99173,40.49122,0.0,32,324.61,22.0,2
0041400132,1610612761,101161,79.97212,27.26561,0.0,32,324.61,22.0,2
0041400132,1610612761,202349,74.20671,30.41934,0.0,32,324.61,22.0,2
0041400132,1610612761,201949,50.91706,37.83242,0.0,32,324.61,22.0,2
0041400132,1610612761,201942,59.20916,3.58522,0.0,32,324.61,22.0,2
0041400132,1610612764,1718,25.81921,32.717,0.0,32,324.61,22.0,2
0041400132,1610612764,2403,24.47047,21.01409,0.0,32,324.61,22.0,2
0041400132,1610612764,202322,39.87304,20.53116,0.0,32,324.61,22.0,2
0041400132,1610612764,203078,57.77995,24.10568,0.0,32,324.61,22.0,2
0041400132,1610612764,203490,41.11751,11.64595,0.0,32,324.61,22.0,2
0041400132,-1,-1,57.91902,41.19208,5.08153,33,324.57,22.0,2
0041400132,1610612761,101150,60.50869,40.66926,0.0,33,324.57,22.0,2
0041400132,1610612761,101161,79.58166,27.25395,0.0,33,324.57,22.0,2
0041400132,1610612761,202349,73.97561,30.35162,0.0,33,324.57,22.0,2
0041400132,1610612761,201949,50.7006,37.82673,0.0,33,324.57,22.0,2
0041400132,1610612761,201942,58.97349,3.55138,0.0,33,324.57,22.0,2
0041400132,1610612764,1718,25.76681,32.74365,0.0,33,324.57,22.0,2
0041400132,1610612764,2403,24.3819,20.97752,0.0,33,324.57,22.0,2
0041400132,1610612764,202322,39.69672,20.6877,0.0,33,324.57,22.0,2
0041400132,1610612764,203078,57.36941,24.08907,0.0,33,324.57,22.0,2
0041400132,1610612764,203490,40.79838,11.59504,0.0,33,324.57,22.0,2
0041400132,-1,-1,57.58513,41.50693,5.39411,34,324.53,22.0,2
0041400132,1610612761,101150,60.02394,40.83818,0.0,34,324.53,22.0,2
0041400132,1610612761,101161,79.1988,27.21836,0.0,34,324.53,22.0,2
0041400132,1610612761,202349,73.74623,30.28259,0.0,34,324.53,22.0,2
0041400132,1610612761,201949,50.48482,37.81847,0.0,34,324.53,22.0,2
0041400132,1610612761,201942,58.73522,3.51455,0.0,34,324.53,22.0,2
0041400132,1610612764,1718,25.71915,32.77309,0.0,34,324.53,22.0,2
0041400132,1610612764,2403,24.29775,20.93737,0.0,34,324.53,22.0,2
0041400132,1610612764,202322,39.52495,20.84509,0.0,34,324.53,22.0,2
0041400132,1610612764,203078,56.94325,24.0848,0.0,34,324.53,22.0,2
0041400132,1610612764,203490,40.47019,11.52967,0.0,34,324.53,22.0,2
0041400132,-1,-1,57.08836,41.70299,5.53134,35,324.49,22.0,2
0041400132,1610612761,101150,59.52672,41.01679,0.0,35,324.49,22.0,2
0041400132,1610612761,101161,78.83059,27.17835,0.0,35,324.49,22.0,2
0041400132,1610612761,202349,73.51583,30.21214,0.0,35,324.49,22.0,2
0041400132,1610612761,201949,50.27322,37.80334,0.0,35,324.49,22.0,2
0041400132,1610612761,201942,58.50354,3.47015,0.0,35,324.49,22.0,2
0041400132,1610612764,1718,25.67682,32.80768,0.0,35,324.49,22.0,2
0041400132,1610612764,2403,24.21635,20.89694,0.0,35,324.49,22.0,2
0041400132,1610612764,202322,39.34455,20.9997,0.0,35,324.49,22.0,2
0041400132,1610612764,203078,56.51946,24.07519,0.0,35,324.49,22.0,2
0041400132,1610612764,203490,40.14514,11.46163,0.0,35,324.49,22.0,2
0041400132,-1,-1,56.64696,41.97209,5.66009,36,324.45,22.0,2
0041400132,1610612761,101150,59.0269,41.19213,0.0,36,324.45,22.0,2
0041400132,1610612761,101161,78.45459,27.12861,0.0,36,324.45,22.0,2
0041400132,1610612761,202349,73.28712,30.1347,0.0,36,324.45,22.0,2
0041400132,1610612761,201949,50.06584,37.78637,0.0,36,324.45,22.0,2
0041400132,1610612761,201942,58.26965,3.42733,0.0,36,324.45,22.0,2
0041400132,1610612764,1718,25.63908,32.85067,0.0,36,324.45,22.0,2
0041400132,1610612764,2403,24.13923,20.86294,0.0,36,324.45,22.0,2
0041400132,1610612764,202322,39.15377,21.17385,0.0,36,324.45,22.0,2
0041400132,1610612764,203078,56.08874,24.06505,0.0,36,324.45,22.0,2
0041400132,1610612764,203490,39.82155,11.38999,0.0,36,324.45,22.0,2
0041400132,-1,-1,56.28276,42.17285,5.63678,37,324.41,22.0,2
0041400132,1610612761,101150,58.52182,41.37326,0.0,37,324.41,22.0,2
0041400132,1610612761,101161,78.08798,27.05785,0.0,37,324.41,22.0,2
0041400132,1610612761,202349,73.05162,30.05576,0.0,37,324.41,22.0,2
0041400132,1610612761,201949,49.85526,37.7642,0.0,37,324.41,22.0,2
0041400132,1610612761,201942,58.03341,3.38012,0.0,37,324.41,22.0,2
0041400132,1610612764,1718,25.60973,32.90253,0.0,37,324.41,22.0,2
0041400132,1610612764,2403,24.06498,20.83543,0.0,37,324.41,22.0,2
0041400132,1610612764,202322,38.95359,21.35793,0.0,37,324.41,22.0,2
0041400132,1610612764,203078,55.66939,24.05837,0.0,37,324.41,22.0,2
0041400132,1610612764,203490,39.50147,11.31305,0.0,37,324.41,22.0,2
0041400132,-1,-1,55.93738,42.55493,5.74567,38,324.37,22.0,2
0041400132,1610612761,101150,58.00119,41.57723,0.0,38,324.37,22.0,2
0041400132,1610612761,101161,77.73749,26.98732,0.0,38,324.37,22.0,2
0041400132,1610612761,202349,72.81789,29.97359,0.0,38,324.37,22.0,2
0041400132,1610612761,201949,49.65016,37.74729,0.0,38,324.37,22.0,2
0041400132,1610612761,201942,57.79644,3.33876,0.0,38,324.37,22.0,2
0041400132,1610612764,1718,25.59678,33.01534,0.0,38,324.37,22.0,2
0041400132,1610612764,2403,23.9936,20.80984,0.0,38,324.37,22.0,2
0041400132,1610612764,202322,38.75899,21.54358,0.0,38,324.37,22.0,2
0041400132,1610612764,203078,55.25875,24.05025,0.0,38,324.37,22.0,2
0041400132,1610612764,203490,39.18595,11.23716,0.0,38,324.37,22.0,2
0041400132,-1,-1,55.49113,42.76017,5.66837,39,324.33,22.0,2
0041400132,1610612761,101150,57.51742,41.75154,0.0,39,324.33,22.0,2
0041400132,1610612761,101161,77.36799,26.9386,0.0,39,324.33,22.0,2
0041400132,1610612761,202349,72.56906,29.89349,0.0,39,324.33,22.0,2
0041400132,1610612761,201949,49.44147,37.72544,0.0,39,324.33,22.0,2
0041400132,1610612761,201942,57.55944,3.29934,0.0,39,324.33,22.0,2
0041400132,1610612764,1718,25.58317,33.08678,0.0,39,324.33,22.0,2
0041400132,1610612764,2403,23.91929,20.84446,0.0,39,324.33,22.0,2
0041400132,1610612764,202322,38.56406,21.74294,0.0,39,324.33,22.0,2
0041400132,1610612764,203078,54.84844,24.04628,0.0,39,324.33,22.0,2
0041400132,1610612764,203490,38.87739,11.16081,0.0,39,324.33,22.0,2
0041400132,-1,-1,55.10649,43.01599,5.64178,40,324.29,22.0,2
0041400132,1610612761,101150,57.02756,41.93524,0.0,40,324.29,22.0,2
0041400132,1610612761,101161,76.99846,26.89017,0.0,40,324.29,22.0,2
0041400132,1610612761,202349,72.31816,29.78599,0.0,40,324.29,22.0,2
0041400132,1610612761,201949,49.23098,37.7052,0.0,40,324.29,22.0,2
0041400132,1610612761,201942,57.3105,3.27976,0.0,40,324.29,22.0,2
0041400132,1610612764,1718,25.5772,33.16414,0.0,40,324.29,22.0,2
0041400132,1610612764,2403,23.84178,20.87804,0.0,40,324.29,22.0,2
0041400132,1610612764,202322,38.38548,21.93716,0.0,40,324.29,22.0,2
0041400132,1610612764,203078,54.44779,24.03138,0.0,40,324.29,22.0,2
0041400132,1610612764,203490,38.57844,11.09584,0.0,40,324.29,22.0,2
0041400132,-1,-1,54.62731,43.19617,5.3695,41,324.25,22.0,2
0041400132,1610612761,101150,56.54325,42.11854,0.0,41,324.25,22.0,2
0041400132,1610612761,101161,76.63165,26.8392,0.0,41,324.25,22.0,2
0041400132,1610612761,202349,72.07247,29.66967,0.0,41,324.25,22.0,2
0041400132,1610612761,201949,49.02166,37.67446,0.0,41,324.25,22.0,2
0041400132,1610612761,201942,57.05634,3.27007,0.0,41,324.25,22.0,2
0041400132,1610612764,1718,25.58497,33.28955,0.0,41,324.25,22.0,2
0041400132,1610612764,2403,23.75934,20.92888,0.0,41,324.25,22.0,2
0041400132,1610612764,202322,38.20737,22.12281,0.0,41,324.25,22.0,2
0041400132,1610612764,203078,54.06213,24.01696,0.0,41,324.25,22.0,2
0041400132,1610612764,203490,38.29178,11.03608,0.0,41,324.25,22.0,2
0041400132,-1,-1,54.27872,43.49902,5.19238,42,324.21,22.0,2
0041400132,1610612761,101150,56.05091,42.29915,0.0,42,324.21,22.0,2
0041400132,1610612761,101161,76.28194,26.76564,0.0,42,324.21,22.0,2
0041400132,1610612761,202349,71.82771,29.55587,0.0,42,324.21,22.0,2
0041400132,1610612761,201949,48.81129,37.63952,0.0,42,324.21,22.0,2
0041400132,1610612761,201942,56.81394,3.26382,0.0,42,324.21,22.0,2
0041400132,1610612764,1718,25.6017,33.41869,0.0,42,324.21,22.0,2
0041400132,1610612764,2403,23.68239,20.99035,0.0,42,324.21,22.0,2
0041400132,1610612764,202322,38.03041,22.29979,0.0,42,324.21,22.0,2
0041400132,1610612764,203078,53.67677,24.00457,0.0,42,324.21,22.0,2
0041400132,1610612764,203490,38.02044,10.97462,0.0,42,324.21,22.0,2
0041400132,-1,-1,53.91886,43.79176,5.05059,43,324.17,21.0,2
0041400132,1610612761,101150,55.56691,42.47252,0.0,43,324.17,21.0,2
0041400132,1610612761,101161,75.92551,26.69567,0.0,43,324.17,21.0,2
0041400132,1610612761,202349,71.58559,29.43922,0.0,43,324.17,21.0,2
0041400132,1610612761,201949,48.60406,37.60363,0.0,43,324.17,21.0,2
0041400132,1610612761,201942,56.56732,3.2533,0.0,43,324.17,21.0,2
0041400132,1610612764,1718,25.6277,33.54323,0.0,43,324.17,21.0,2
0041400132,1610612764,2403,23.60691,21.08195,0.0,43,324.17,21.0,2
0041400132,1610612764,202322,37.84532,22.46683,0.0,43,324.17,21.0,2
0041400132,1610612764,203078,53.31051,23.99003,0.0,43,324.17,21.0,2
0041400132,1610612764,203490,37.76406,10.91507,0.0,43,324.17,21.0,2
0041400132,-1,-1,53.48623,44.06257,4.65207,44,324.13,21.0,2
0041400132,1610612761,101150,55.08501,42.63738,0.0,44,324.13,21.0,2
0041400132,1610612761,101161,75.56424,26.62353,0.0,44,324.13,21.0,2
0041400132,1610612761,202349,71.34281,29.33083,0.0,44,324.13,21.0,2
0041400132,1610612761,201949,48.39747,37.56508,0.0,44,324.13,21.0,2
0041400132,1610612761,201942,56.31846,3.24723,0.0,44,324.13,21.0,2
0041400132,1610612764,1718,25.65364,33.66905,0.0,44,324.13,21.0,2
0041400132,1610612764,2403,23.53527,21.18271,0.0,44,324.13,21.0,2
0041400132,1610612764,202322,37.65526,22.64304,0.0,44,324.13,21.0,2
0041400132,1610612764,203078,52.95926,23.97512,0.0,44,324.13,21.0,2
0041400132,1610612764,203490,37.51171,10.85544,0.0,44,324.13,21.0,2
0041400132,-1,-1,53.13982,44.26717,4.37475,45,324.09,21.0,2
0041400132,1610612761,101150,54.60113,42.80209,0.0,45,324.09,21.0,2
0041400132,1610612761,101161,75.20112,26.54623,0.0,45,324.09,21.0,2
0041400132,1610612761,202349,71.10401,29.24603,0.0,45,324.09,21.0,2
0041400132,1610612761,201949,48.18099,37.53416,0.0,45,324.09,21.0,2
0041400132,1610612761,201942,56.07222,3.24231,0.0,45,324.09,21.0,2
0041400132,1610612764,1718,25.62741,33.84529,0.0,45,324.09,21.0,2
0041400132,1610612764,2403,23.46715,21.25335,0.0,45,324.09,21.0,2
0041400132,1610612764,202322,37.46319,22.81643,0.0,45,324.09,21.0,2
0041400132,1610612764,203078,52.60702,23.95909,0.0,45,324.09,21.0,2
0041400132,1610612764,203490,37.26902,10.79359,0.0,45,324.09,21.0,2
0041400132,-1,-1,52.74281,44.47938,3.87562,46,324.05,21.0,2
0041400132,1610612761,101150,54.12117,42.97007,0.0,46,324.05,21.0,2
0041400132,1610612761,101161,74.82873,26.48058,0.0,46,324.05,21.0,2
0041400132,1610612761,202349,70.86556,29.19591,0.0,46,324.05,21.0,2
0041400132,1610612761,201949,47.96965,37.50692,0.0,46,324.05,21.0,2
0041400132,1610612761,201942,55.83523,3.2359,0.0,46,324.05,21.0,2
0041400132,1610612764,1718,25.62922,34.07002,0.0,46,324.05,21.0,2
0041400132,1610612764,2403,23.4057,21.38138,0.0,46,324.05,21.0,2
0041400132,1610612764,202322,37.2719,22.97148,0.0,46,324.05,21.0,2
0041400132,1610612764,203078,52.25539,23.93201,0.0,46,324.05,21.0,2
0041400132,1610612764,203490,37.02891,10.70874,0.0,46,324.05,21.0,2
0041400132,-1,-1,51.9141,44.57786,3.21586,47,324.01,21.0,2
0041400132,1610612761,101150,53.64287,43.13182,0.0,47,324.01,21.0,2
0041400132,1610612761,101161,74.44902,26.42051,0.0,47,324.01,21.0,2
0041400132,1610612761,202349,70.62902,29.13943,0.0,47,324.01,21.0,2
0041400132,1610612761,201949,47.76058,37.48002,0.0,47,324.01,21.0,2
0041400132,1610612761,201942,55.60972,3.22747,0.0,47,324.01,21.0,2
0041400132,1610612764,1718,25.62752,34.29338,0.0,47,324.01,21.0,2
0041400132,1610612764,2403,23.33982,21.51328,0.0,47,324.01,21.0,2
0041400132,1610612764,202322,37.07055,23.11734,0.0,47,324.01,21.0,2
0041400132,1610612764,203078,51.90644,23.90009,0.0,47,324.01,21.0,2
0041400132,1610612764,203490,36.79032,10.62058,0.0,47,324.01,21.0,2
0041400132,-1,-1,51.28107,44.62459,2.42248,48,323.97,21.0,2
0041400132,1610612761,101150,53.16383,43.28362,0.0,48,323.97,21.0,2
0041400132,1610612761,101161,74.07298,26.36674,0.0,48,323.97,21.0,2
0041400132,1610612761,202349,70.39331,29.05197,0.0,48,323.97,21.0,2
0041400132,1610612761,201949,47.54898,37.45433,0.0,48,323.97,21.0,2
0041400132,1610612761,201942,55.38676,3.21866,0.0,48,323.97,21.0,2
0041400132,1610612764,1718,25.59882,34.47057,0.0,48,323.97,21.0,2
0041400132,1610612764,2403,23.27805,21.65036,0.0,48,323.97,21.0,2
0041400132,1610612764,202322,36.86534,23.26742,0.0,48,323.97,21.0,2
0041400132,1610612764,203078,51.55043,23.86925,0.0,48,323.97,21.0,2
0041400132,1610612764,203490,36.5544,10.52829,0.0,48,323.97,21.0,2
0041400132,-1,-1,50.45557,44.63663,1.7623,49,323.93,21.0,2
0041400132,1610612761,101150,52.67769,43.43345,0.0,49,323.93,21.0,2
0041400132,1610612761,101161,73.70293,26.31591,0.0,49,323.93,21.0,2
0041400132,1610612761,202349,70.16114,28.95114,0.0,49,323.93,21.0,2
0041400132,1610612761,201949,47.3377,37.43354,0.0,49,323.93,21.0,2
0041400132,1610612761,201942,55.17202,3.2103,0.0,49,323.93,21.0,2
0041400132,1610612764,1718,25.59392,34.68861,0.0,49,323.93,21.0,2
0041400132,1610612764,2403,23.21404,21.73122,0.0,49,323.93,21.0,2
0041400132,1610612764,202322,36.65523,23.42163,0.0,49,323.93,21.0,2
0041400132,1610612764,203078,51.20616,23.82446,0.0,49,323.93,21.0,2
0041400132,1610612764,203490,36.34096,10.451,0.0,49,323.93,21.0,2
0041400132,-1,-1,49.65815,44.78743,0.76171,50,323.89,21.0,2
0041400132,1610612761,101150,52.1837,43.57789,0.0,50,323.89,21.0,2
0041400132,1610612761,101161,73.34214,26.26187,0.0,50,323.89,21.0,2
0041400132,1610612761,202349,69.92319,28.88228,0.0,50,323.89,21.0,2
0041400132,1610612761,201949,47.12832,37.41796,0.0,50,323.89,21.0,2
0041400132,1610612761,201942,54.95883,3.20259,0.0,50,323.89,21.0,2
0041400132,1610612764,1718,25.56194,34.86341,0.0,50,323.89,21.0,2
0041400132,1610612764,2403,23.13532,21.77523,0.0,50,323.89,21.0,2
0041400132,1610612764,202322,36.44599,23.58341,0.0,50,323.89,21.0,2
0041400132,1610612764,203078,50.86817,23.78113,0.0,50,323.89,21.0,2
0041400132,1610612764,203490,36.13147,10.37607,0.0,50,323.89,21.0,2
0041400132,-1,-1,49.13929,44.836,0.79841,51,323.85,21.0,2
0041400132,1610612761,101150,51.68323,43.72446,0.0,51,323.85,21.0,2
0041400132,1610612761,101161,72.99233,26.20617,0.0,51,323.85,21.0,2
0041400132,1610612761,202349,69.68636,28.81163,0.0,51,323.85,21.0,2
0041400132,1610612761,201949,46.91555,37.40368,0.0,51,323.85,21.0,2
0041400132,1610612761,201942,54.74924,3.19845,0.0,51,323.85,21.0,2
0041400132,1610612764,1718,25.56461,35.09074,0.0,51,323.85,21.0,2
0041400132,1610612764,2403,23.05799,21.8239,0.0,51,323.85,21.0,2
0041400132,1610612764,202322,36.24029,23.7387,0.0,51,323.85,21.0,2
0041400132,1610612764,203078,50.53333,23.73628,0.0,51,323.85,21.0,2
0041400132,1610612764,203490,35.92643,10.29693,0.0,51,323.85,21.0,2
0041400132,-1,-1,48.46109,44.8292,1.49044,52,323.81,21.0,2
0041400132,1610612761,101150,51.19055,43.87019,0.0,52,323.81,21.0,2
0041400132,1610612761,101161,72.61916,26.17335,0.0,52,323.81,21.0,2
0041400132,1610612761,202349,69.45278,28.74048,0.0,52,323.81,21.0,2
0041400132,1610612761,201949,46.7018,37.39536,0.0,52,323.81,21.0,2
0041400132,1610612761,201942,54.54185,3.19577,0.0,52,323.81,21.0,2
0041400132,1610612764,1718,25.52911,35.26704,0.0,52,323.81,21.0,2
0041400132,1610612764,2403,22.97639,21.86966,0.0,52,323.81,21.0,2
0041400132,1610612764,202322,36.04162,23.88663,0.0,52,323.81,21.0,2
0041400132,1610612764,203078,50.19128,23.69187,0.0,52,323.81,21.0,2
0041400132,1610612764,203490,35.72747,10.21688,0.0,52,323.81,21.0,2
0041400132,-1,-1,48.13401,45.0324,2.15076,53,323.77,21.0,2
0041400132,1610612761,101150,50.71491,43.99808,0.0,53,323.77,21.0,2
0041400132,1610612761,101161,72.24558,26.12877,0.0,53,323.77,21.0,2
0041400132,1610612761,202349,69.22445,28.66323,0.0,53,323.77,21.0,2
0041400132,1610612761,201949,46.48139,37.38762,0.0,53,323.77,21.0,2
0041400132,1610612761,201942,54.33783,3.19424,0.0,53,323.77,21.0,2
0041400132,1610612764,1718,25.49514,35.4399,0.0,53,323.77,21.0,2
0041400132,1610612764,2403,22.86967,21.92503,0.0,53,323.77,21.0,2
0041400132,1610612764,202322,35.84064,24.0387,0.0,53,323.77,21.0,2
0041400132,1610612764,203078,49.85002,23.63929,0.0,53,323.77,21.0,2
0041400132,1610612764,203490,35.5334,10.13687,0.0,53,323.77,21.0,2
0041400132,-1,-1,47.55432,45.05146,2.7404,54,323.73,21.0,2
0041400132,1610612761,101150,50.20497,44.14869,0.0,54,323.73,21.0,2
0041400132,1610612761,101161,71.89304,26.05731,0.0,54,323.73,21.0,2
0041400132,1610612761,202349,69.01236,28.55558,0.0,54,323.73,21.0,2
0041400132,1610612761,201949,46.2593,37.38543,0.0,54,323.73,21.0,2
0041400132,1610612761,201942,54.08499,3.21469,0.0,54,323.73,21.0,2
0041400132,1610612764,1718,25.50669,35.58202,0.0,54,323.73,21.0,2
0041400132,1610612764,2403,22.75911,21.98267,0.0,54,323.73,21.0,2
0041400132,1610612764,202322,35.63777,24.19595,0.0,54,323.73,21.0,2
0041400132,1610612764,203078,49.51465,23.58497,0.0,54,323.73,21.0,2
0041400132,1610612764,203490,35.34584,10.05425,0.0,54,323.73,21.0,2
0041400132,-1,-1,47.07309,45.21271,3.25014,55,323.69,21.0,2
0041400132,1610612761,101150,49.69825,44.2909,0.0,55,323.69,21.0,2
0041400132,1610612761,101161,71.54924,25.95816,0.0,55,323.69,21.0,2
0041400132,1610612761,202349,68.79989,28.47657,0.0,55,323.69,21.0,2
0041400132,1610612761,201949,46.03895,37.38365,0.0,55,323.69,21.0,2
0041400132,1610612761,201942,53.83601,3.23393,0.0,55,323.69,21.0,2
0041400132,1610612764,1718,25.46168,35.74796,0.0,55,323.69,21.0,2
0041400132,1610612764,2403,22.6529,22.06587,0.0,55,323.69,21.0,2
0041400132,1610612764,202322,35.422,24.35804,0.0,55,323.69,21.0,2
0041400132,1610612764,203078,49.18479,23.54205,0.0,55,323.69,21.0,2
0041400132,1610612764,203490,35.15955,9.96699,0.0,55,323.69,21.0,2
0041400132,-1,-1,46.73369,45.2313,3.74677,56,323.65,21.0,2
0041400132,1610612761,101150,49.19732,44.42979,0.0,56,323.65,21.0,2
0041400132,1610612761,101161,71.2025,25.86341,0.0,56,323.65,21.0,2
0041400132,1610612761,202349,68.57828,28.39807,0.0,56,323.65,21.0,2
0041400132,1610612761,201949,45.82225,37.38458,0.0,56,323.65,21.0,2
0041400132,1610612761,201942,53.60686,3.25358,0.0,56,323.65,21.0,2
0041400132,1610612764,1718,25.413,35.9167,0.0,56,323.65,21.0,2
0041400132,1610612764,2403,22.57198,22.13435,0.0,56,323.65,21.0,2
0041400132,1610612764,202322,35.20511,24.51246,0.0,56,323.65,21.0,2
0041400132,1610612764,203078,48.85389,23.49924,0.0,56,323.65,21.0,2
0041400132,1610612764,203490,34.96755,9.87116,0.0,56,323.65,21.0,2
0041400132,-1,-1,46.30064,45.44156,4.28484,57,323.61,21.0,2
0041400132,1610612761,101150,48.69392,44.56743,0.0,57,323.61,21.0,2
0041400132,1610612761,101161,70.85923,25.77273,0.0,57,323.61,21.0,2
0041400132,1610612761,202349,68.35612,28.32277,0.0,57,323.61,21.0,2
0041400132,1610612761,201949,45.60708,37.38488,0.0,57,323.61,21.0,2
0041400132,1610612761,201942,53.37207,3.2741,0.0,57,323.61,21.0,2
0041400132,1610612764,1718,25.35589,36.08083,0.0,57,323.61,21.0,2
0041400132,1610612764,2403,22.48021,22.1971,0.0,57,323.61,21.0,2
0041400132,1610612764,202322,34.9887,24.66571,0.0,57,323.61,21.0,2
0041400132,1610612764,203078,48.52535,23.45963,0.0,57,323.61,21.0,2
0041400132,1610612764,203490,34.77742,9.78016,0.0,57,323.61,21.0,2
0041400132,-1,-1,45.6962,45.33918,4.5865,58,323.57,21.0,2
0041400132,1610612761,101150,48.1921,44.7097,0.0,58,323.57,21.0,2
0041400132,1610612761,101161,70.50797,25.70194,0.0,58,323.57,21.0,2
0041400132,1610612761,202349,68.13435,28.25654,0.0,58,323.57,21.0,2
0041400132,1610612761,201949,45.39548,37.37721,0.0,58,323.57,21.0,2
0041400132,1610612761,201942,53.14539,3.29881,0.0,58,323.57,21.0,2
0041400132,1610612764,1718,25.28597,36.25144,0.0,58,323.57,21.0,2
0041400132,1610612764,2403,22.39189,22.23512,0.0,58,323.57,21.0,2
0041400132,1610612764,202322,34.77242,24.81608,0.0,58,323.57,21.0,2
0041400132,1610612764,203078,48.19097,23.4145,0.0,58,323.57,21.0,2
0041400132,1610612764,203490,34.58431,9.6776,0.0,58,323.57,21.0,2
0041400132,-1,-1,45.14767,45.50031,5.04155,59,323.53,21.0,2
0041400132,1610612761,101150,47.68703,44.86574,0.0,59,323.53,21.0,2
0041400132,1610612761,101161,70.16615,25.62804,0.0,59,323.53,21.0,2
0041400132,1610612761,202349,67.90954,28.17966,0.0,59,323.53,21.0,2
0041400132,1610612761,201949,45.18138,37.3663,0.0,59,323.53,21.0,2
0041400132,1610612761,201942,52.77645,3.2394,0.0,59,323.53,21.0,2
0041400132,1610612764,1718,25.21278,36.42286,0.0,59,323.53,21.0,2
0041400132,1610612764,2403,22.31351,22.26641,0.0,59,323.53,21.0,2
0041400132,1610612764,202322,34.56278,24.96602,0.0,59,323.53,21.0,2
0041400132,1610612764,203078,47.85683,23.37584,0.0,59,323.53,21.0,2
0041400132,1610612764,203490,34.3924,9.56812,0.0,59,323.53,21.0,2
0041400132,-1,-1,44.65763,45.55066,5.23605,60,323.49,21.0,2
0041400132,1610612761,101150,47.18948,45.00911,0.0,60,323.49,21.0,2
0041400132,1610612761,101161,69.82376,25.55462,0.0,60,323.49,21.0,2
0041400132,1610612761,202349,67.67898,28.07476,0.0,60,323.49,21.0,2
0041400132,1610612761,201949,44.97401,37.34147,0.0,60,323.49,21.0,2
0041400132,1610612761,201942,52.26035,3.09928,0.0,60,323.49,21.0,2
0041400132,1610612764,1718,25.18422,36.54477,0.0,60,323.49,21.0,2
0041400132,1610612764,2403,22.2267,22.29494,0.0,60,323.49,21.0,2
0041400132,1610612764,202322,34.34922,25.11925,0.0,60,323.49,21.0,2
0041400132,1610612764,203078,47.53607,23.33142,0.0,60,323.49,21.0,2
0041400132,1610612764,203490,34.20887,9.4684,0.0,60,323.49,21.0,2
0041400132,-1,-1,44.20292,45.58065,5.4224,61,323.45,21.0,2
0041400132,1610612761,101150,46.69632,45.14757,0.0,61,323.45,21.0,2
0041400132,1610612761,101161,69.48894,25.48201,0.0,61,323.45,21.0,2
0041400132,1610612761,202349,67.45186,27.93427,0.0,61,323.45,21.0,2
0041400132,1610612761,201949,44.76651,37.3066,0.0,61,323.45,21.0,2
0041400132,1610612761,201942,51.58753,2.8791,0.0,61,323.45,21.0,2
0041400132,1610612764,1718,25.12241,36.62,0.0,61,323.45,21.0,2
0041400132,1610612764,2403,22.14304,22.32213,0.0,61,323.45,21.0,2
0041400132,1610612764,202322,34.13375,25.29855,0.0,61,323.45,21.0,2
0041400132,1610612764,203078,47.23586,23.2878,0.0,61,323.45,21.0,2
0041400132,1610612764,203490,34.02618,9.37467,0.0,61,323.45,21.0,2
0041400132,-1,-1,43.84428,45.79164,5.57637,62,323.41,21.0,2
0041400132,1610612761,101150,46.20189,45.27934,0.0,62,323.41,21.0,2
0041400132,1610612761,101161,69.17128,25.39261,0.0,62,323.41,21.0,2
0041400132,1610612761,202349,67.21898,27.80239,0.0,62,323.41,21.0,2
0041400132,1610612761,201949,44.56472,37.26653,0.0,62,323.41,21.0,2
0041400132,1610612761,201942,50.75681,2.58352,0.0,62,323.41,21.0,2
0041400132,1610612764,1718,25.05664,36.69248,0.0,62,323.41,21.0,2
0041400132,1610612764,2403,22.07684,22.35188,0.0,62,323.41,21.0,2
0041400132,1610612764,202322,33.91803,25.48313,0.0,62,323.41,21.0,2
0041400132,1610612764,203078,46.9514,23.24101,0.0,62,323.41,21.0,2
0041400132,1610612764,203490,33.85434,9.28398,0.0,62,323.41,21.0,2
0041400132,-1,-1,43.26588,45.77788,5.78831,63,323.37,21.0,2
0041400132,1610612761,101150,45.69462,45.41588,0.0,63,323.37,21.0,2
0041400132,1610612761,101161,68.85556,25.30558,0.0,63,323.37,21.0,2
0041400132,1610612761,202349,66.98161,27.70439,0.0,63,323.37,21.0,2
0041400132,1610612761,201949,44.36655,37.21922,0.0,63,323.37,21.0,2
0041400132,1610612761,201942,49.7738,2.21123,0.0,63,323.37,21.0,2
0041400132,1610612764,1718,25.01163,36.81385,0.0,63,323.37,21.0,2
0041400132,1610612764,2403,22.01633,22.38204,0.0,63,323.37,21.0,2
0041400132,1610612764,202322,33.70667,25.66224,0.0,63,323.37,21.0,2
0041400132,1610612764,203078,46.68001,23.19146,0.0,63,323.37,21.0,2
0041400132,1610612764,203490,33.69102,9.19821,0.0,63,323.37,21.0,2
0041400132,-1,-1,42.8089,45.88317,5.6593,64,323.33,21.0,2
0041400132,1610612761,101150,45.19588,45.55548,0.0,64,323.33,21.0,2
0041400132,1610612761,101161,68.54146,25.21948,0.0,64,323.33,21.0,2
0041400132,1610612761,202349,66.73785,27.61064,0.0,64,323.33,21.0,2
0041400132,1610612761,201949,44.17115,37.16268,0.0,64,323.33,21.0,2
0041400132,1610612761,201942,48.79381,1.83924,0.0,64,323.33,21.0,2
0041400132,1610612764,1718,24.9344,36.89241,0.0,64,323.33,21.0,2
0041400132,1610612764,2403,21.96451,22.41682,0.0,64,323.33,21.0,2
0041400132,1610612764,202322,33.50189,25.83609,0.0,64,323.33,21.0,2
0041400132,1610612764,203078,46.42761,23.13409,0.0,64,323.33,21.0,2
0041400132,1610612764,203490,33.53293,9.10486,0.0,64,323.33,21.0,2
0041400132,-1,-1,42.4221,45.89262,5.77496,65,323.29,21.0,2
0041400132,1610612761,101150,44.70329,45.69862,0.0,65,323.29,21.0,2
0041400132,1610612761,101161,68.21339,25.13569,0.0,65,323.29,21.0,2
0041400132,1610612761,202349,66.50348,27.4827,0.0,65,323.29,21.0,2
0041400132,1610612761,201949,43.96946,37.10457,0.0,65,323.29,21.0,2
0041400132,1610612761,201942,47.81728,1.47672,0.0,65,323.29,21.0,2
0041400132,1610612764,1718,24.87825,37.01786,0.0,65,323.29,21.0,2
0041400132,1610612764,2403,21.93373,22.49919,0.0,65,323.29,21.0,2
0041400132,1610612764,202322,33.29938,26.00408,0.0,65,323.29,21.0,2
0041400132,1610612764,203078,46.17953,23.07066,0.0,65,323.29,21.0,2
0041400132,1610612764,203490,33.38892,9.01266,0.0,65,323.29,21.0,2
0041400132,-1,-1,41.86796,45.97638,5.74125,66,323.25,21.0,2
0041400132,1610612761,101150,44.22386,45.8274,0.0,66,323.25,21.0,2
0041400132,1610612761,101161,67.87616,25.04273,0.0,66,323.25,21.0,2
0041400132,1610612761,202349,66.27013,27.3596,0.0,66,323.25,21.0,2
0041400132,1610612761,201949,43.76847,37.04189,0.0,66,323.25,21.0,2
0041400132,1610612761,201942,46.85267,1.1136,0.0,66,323.25,21.0,2
0041400132,1610612764,1718,24.79496,37.09585,0.0,66,323.25,21.0,2
0041400132,1610612764,2403,21.90922,22.58412,0.0,66,323.25,21.0,2
0041400132,1610612764,202322,33.10618,26.17541,0.0,66,323.25,21.0,2
0041400132,1610612764,203078,45.94241,23.0054,0.0,66,323.25,21.0,2
0041400132,1610612764,203490,33.21375,8.91417,0.0,66,323.25,21.0,2
0041400132,-1,-1,41.41527,46.11577,5.60975,67,323.21,21.0,2
0041400132,1610612761,101150,43.7351,45.94915,0.0,67,323.21,21.0,2
0041400132,1610612761,101161,67.55294,24.94016,0.0,67,323.21,21.0,2
0041400132,1610612761,202349,66.03908,27.24827,0.0,67,323.21,21.0,2
0041400132,1610612761,201949,43.56693,36.9674,0.0,67,323.21,21.0,2
0041400132,1610612761,201942,45.90185,0.75312,0.0,67,323.21,21.0,2
0041400132,1610612764,1718,24.73595,37.23254,0.0,67,323.21,21.0,2
0041400132,1610612764,2403,21.88717,22.63702,0.0,67,323.21,21.0,2
0041400132,1610612764,202322,32.91764,26.34869,0.0,67,323.21,21.0,2
0041400132,1610612764,203078,45.71842,22.92514,0.0,67,323.21,21.0,2
0041400132,1610612764,203490,33.04487,8.83485,0.0,67,323.21,21.0,2
0041400132,-1,-1,40.90732,46.12609,5.61182,68,323.17,20.0,2
0041400132,1610612761,101150,43.24972,46.06105,0.0,68,323.17,20.0,2
0041400132,1610612761,101161,67.2279,24.84941,0.0,68,323.17,20.0,2
0041400132,1610612761,202349,65.78951,27.14524,0.0,68,323.17,20.0,2
0041400132,1610612761,201949,43.36816,36.88261,0.0,68,323.17,20.0,2
0041400132,1610612761,201942,44.96142,0.39265,0.0,68,323.17,20.0,2
0041400132,1610612764,1718,24.68288,37.4068,0.0,68,323.17,20.0,2
0041400132,1610612764,2403,21.88761,22.69025,0.0,68,323.17,20.0,2
0041400132,1610612764,202322,32.72932,26.51667,0.0,68,323.17,20.0,2
0041400132,1610612764,203078,45.49833,22.84265,0.0,68,323.17,20.0,2
0041400132,1610612764,203490,32.90679,8.74602,0.0,68,323.17,20.0,2
0041400132,-1,-1,40.50285,46.29796,5.44892,69,323.13,20.0,2
0041400132,1610612761,101150,42.75329,46.17296,0.0,69,323.13,20.0,2
0041400132,1610612761,101161,66.90479,24.75282,0.0,69,323.13,20.0,2
0041400132,1610612761,202349,65.54433,27.06191,0.0,69,323.13,20.0,2
0041400132,1610612761,201949,43.17244,36.78702,0.0,69,323.13,20.0,2
0041400132,1610612761,201942,44.08128,0.00973,0.0,69,323.13,20.0,2
0041400132,1610612764,1718,24.56515,37.58543,0.0,69,323.13,20.0,2
0041400132,1610612764,2403,21.91197,22.80626,0.0,69,323.13,20.0,2
0041400132,1610612764,202322,32.54204,26.67819,0.0,69,323.13,20.0,2
0041400132,1610612764,203078,45.29111,22.75412,0.0,69,323.13,20.0,2
0041400132,1610612764,203490,32.77152,8.65361,0.0,69,323.13,20.0,2
0041400132,-1,-1,39.99375,46.35906,5.00937,70,323.09,20.0,2
0041400132,1610612761,101150,42.26776,46.28523,0.0,70,323.09,20.0,2
0041400132,1610612761,101161,66.58375,24.68559,0.0,70,323.09,20.0,2
0041400132,1610612761,202349,65.30068,26.97595,0.0,70,323.09,20.0,2
0041400132,1610612761,201949,42.98129,36.69384,0.0,70,323.09,20.0,2
0041400132,1610612761,201942,43.21029,-0.37245,0.0,70,323.09,20.0,2
0041400132,1610612764,1718,24.54319,37.75815,0.0,70,323.09,20.0,2
0041400132,1610612764,2403,21.93911,22.90944,0.0,70,323.09,20.0,2
0041400132,1610612764,202322,32.3606,26.83325,0.0,70,323.09,20.0,2
0041400132,1610612764,203078,45.09024,22.66179,0.0,70,323.09,20.0,2
0041400132,1610612764,203490,32.64333,8.55691,0.0,70,323.09,20.0,2
0041400132,-1,-1,39.57802,46.4497,4.865,71,323.05,20.0,2
0041400132,1610612761,101150,41.77188,46.40498,0.0,71,323.05,20.0,2
0041400132,1610612761,101161,66.26855,24.61917,0.0,71,323.05,20.0,2
0041400132,1610612761,202349,65.06189,26.89054,0.0,71,323.05,20.0,2
0041400132,1610612761,201949,42.78534,36.59898,0.0,71,323.05,20.0,2
0041400132,1610612761,201942,42.33369,-0.75457,0.0,71,323.05,20.0,2
0041400132,1610612764,1718,24.52192,37.93054,0.0,71,323.05,20.0,2
0041400132,1610612764,2403,21.94547,23.03314,0.0,71,323.05,20.0,2
0041400132,1610612764,202322,32.18292,26.99778,0.0,71,323.05,20.0,2
0041400132,1610612764,203078,44.88797,22.57245,0.0,71,323.05,20.0,2
0041400132,1610612764,203490,32.5199,8.46231,0.0,71,323.05,20.0,2
0041400132,-1,-1,39.05011,46.43476,4.50083,72,323.01,20.0,2
0041400132,1610612761,101150,41.28555,46.52969,0.0,72,323.01,20.0,2
0041400132,1610612761,101161,65.94973,24.5548,0.0,72,323.01,20.0,2
0041400132,1610612761,202349,64.81789,26.83047,0.0,72,323.01,20.0,2
0041400132,1610612761,201949,42.59356,36.50445,0.0,72,323.01,20.0,2
0041400132,1610612761,201942,41.46316,-1.13308,0.0,72,323.01,20.0,2
0041400132,1610612764,1718,24.5017,38.11102,0.0,72,323.01,20.0,2
0041400132,1610612764,2403,21.95978,23.16036,0.0,72,323.01,20.0,2
0041400132,1610612764,202322,32.00667,27.16347,0.0,72,323.01,20.0,2
0041400132,1610612764,203078,44.69714,22.4769,0.0,72,323.01,20.0,2
0041400132,1610612764,203490,32.39758,8.36559,0.0,72,323.01,20.0,2
0041400132,-1,-1,38.5223,46.48592,4.11999,73,322.97,20.0,2
0041400132,1610612761,101150,40.79176,46.64732,0.0,73,322.97,20.0,2
0041400132,1610612761,101161,65.64819,24.46245,0.0,73,322.97,20.0,2
0041400132,1610612761,202349,64.57227,26.73083,0.0,73,322.97,20.0,2
0041400132,1610612761,201949,42.39997,36.41653,0.0,73,322.97,20.0,2
0041400132,1610612761,201942,40.60288,-1.50845,0.0,73,322.97,20.0,2
0041400132,1610612764,1718,24.48488,38.29382,0.0,73,322.97,20.0,2
0041400132,1610612764,2403,21.96949,23.28342,0.0,73,322.97,20.0,2
0041400132,1610612764,202322,31.83568,27.3428,0.0,73,322.97,20.0,2
0041400132,1610612764,203078,44.51693,22.38522,0.0,73,322.97,20.0,2
0041400132,1610612764,203490,32.28242,8.27588,0.0,73,322.97,20.0,2
0041400132,-1,-1,38.06112,46.62441,3.73091,74,322.93,20.0,2
0041400132,1610612761,101150,40.29946,46.75329,0.0,74,322.93,20.0,2
0041400132,1610612761,101161,65.34605,24.35816,0.0,74,322.93,20.0,2
0041400132,1610612761,202349,64.33511,26.63301,0.0,74,322.93,20.0,2
0041400132,1610612761,201949,42.21586,36.33729,0.0,74,322.93,20.0,2
0041400132,1610612761,201942,39.89923,-1.8008,0.0,74,322.93,20.0,2
0041400132,1610612764,1718,24.46825,38.48104,0.0,74,322.93,20.0,2
0041400132,1610612764,2403,21.96941,23.41519,0.0,74,322.93,20.0,2
0041400132,1610612764,202322,31.65815,27.52031,0.0,74,322.93,20.0,2
0041400132,1610612764,203078,44.35007,22.28405,0.0,74,322.93,20.0,2
0041400132,1610612764,203490,32.1711,8.19461,0.0,74,322.93,20.0,2
0041400132,-1,-1,37.68253,46.72736,3.12694,75,322.89,20.0,2
0041400132,1610612761,101150,39.79898,46.86371,0.0,75,322.89,20.0,2
0041400132,1610612761,101161,65.05418,24.24763,0.0,75,322.89,20.0,2
0041400132,1610612761,202349,64.10561,26.53957,0.0,75,322.89,20.0,2
0041400132,1610612761,201949,42.03673,36.25938,0.0,75,322.89,20.0,2
0041400132,1610612761,201942,39.35153,-2.00959,0.0,75,322.89,20.0,2
0041400132,1610612764,1718,24.45711,38.67218,0.0,75,322.89,20.0,2
0041400132,1610612764,2403,21.97361,23.54476,0.0,75,322.89,20.0,2
0041400132,1610612764,202322,31.48482,27.69905,0.0,75,322.89,20.0,2
0041400132,1610612764,203078,44.18149,22.18399,0.0,75,322.89,20.0,2
0041400132,1610612764,203490,32.04256,8.09932,0.0,75,322.89,20.0,2
0041400132,-1,-1,37.04242,46.83645,2.53742,76,322.85,20.0,2
0041400132,1610612761,101150,39.30107,46.97199,0.0,76,322.85,20.0,2
0041400132,1610612761,101161,64.76697,24.10521,0.0,76,322.85,20.0,2
0041400132,1610612761,202349,63.86804,26.45559,0.0,76,322.85,20.0,2
0041400132,1610612761,201949,41.85763,36.18652,0.0,76,322.85,20.0,2
0041400132,1610612761,201942,38.96213,-2.13547,0.0,76,322.85,20.0,2
0041400132,1610612764,1718,24.44828,38.86201,0.0,76,322.85,20.0,2
0041400132,1610612764,2403,21.97686,23.6689,0.0,76,322.85,20.0,2
0041400132,1610612764,202322,31.3094,27.87038,0.0,76,322.85,20.0,2
0041400132,1610612764,203078,44.01893,22.0756,0.0,76,322.85,20.0,2
0041400132,1610612764,203490,31.91733,8.00816,0.0,76,322.85,20.0,2
0041400132,-1,-1,36.7283,46.74438,2.01885,77,322.81,20.0,2
0041400132,1610612761,101150,38.80869,47.07784,0.0,77,322.81,20.0,2
0041400132,1610612761,101161,64.4741,23.96688,0.0,77,322.81,20.0,2
0041400132,1610612761,202349,63.63768,26.38154,0.0,77,322.81,20.0,2
0041400132,1610612761,201949,41.67392,36.11483,0.0,77,322.81,20.0,2
0041400132,1610612761,201942,38.77888,-2.15029,0.0,77,322.81,20.0,2
0041400132,1610612764,1718,24.43841,39.05899,0.0,77,322.81,20.0,2
0041400132,1610612764,2403,21.96693,23.79111,0.0,77,322.81,20.0,2
0041400132,1610612764,202322,31.13779,28.03808,0.0,77,322.81,20.0,2
0041400132,1610612764,203078,43.85405,21.97345,0.0,77,322.81,20.0,2
0041400132,1610612764,203490,31.79311,7.91524,0.0,77,322.81,20.0,2
0041400132,-1,-1,36.38412,46.76183,1.40635,78,322.77,20.0,2
0041400132,1610612761,101150,38.32926,47.18057,0.0,78,322.77,20.0,2
0041400132,1610612761,101161,64.17502,23.83951,0.0,78,322.77,20.0,2
0041400132,1610612761,202349,63.41875,26.30519,0.0,78,322.77,20.0,2
0041400132,1610612761,201949,41.49193,36.04583,0.0,78,322.77,20.0,2
0041400132,1610612761,201942,38.80178,-2.05406,0.0,78,322.77,20.0,2
0041400132,1610612764,1718,24.43526,39.25504,0.0,78,322.77,20.0,2
0041400132,1610612764,2403,21.95032,23.91186,0.0,78,322.77,20.0,2
0041400132,1610612764,202322,30.96482,28.20099,0.0,78,322.77,20.0,2
0041400132,1610612764,203078,43.69824,21.86513,0.0,78,322.77,20.0,2
0041400132,1610612764,203490,31.6669,7.82059,0.0,78,322.77,20.0,2
0041400132,-1,-1,35.99404,46.85307,0.67991,79,322.73,20.0,2
0041400132,1610612761,101150,37.85087,47.27739,0.0,79,322.73,20.0,2
0041400132,1610612761,101161,63.87321,23.70971,0.0,79,322.73,20.0,2
0041400132,1610612761,202349,63.21171,26.22527,0.0,79,322.73,20.0,2
0041400132,1610612761,201949,41.30481,35.98582,0.0,79,322.73,20.0,2
0041400132,1610612761,201942,38.8748,-1.92448,0.0,79,322.73,20.0,2
0041400132,1610612764,1718,24.43587,39.45536,0.0,79,322.73,20.0,2
0041400132,1610612764,2403,21.92814,24.03773,0.0,79,322.73,20.0,2
0041400132,1610612764,202322,30.78516,28.35415,0.0,79,322.73,20.0,2
0041400132,1610612764,203078,43.5382,21.76776,0.0,79,322.73,20.0,2
0041400132,1610612764,203490,31.53569,7.72875,0.0,79,322.73,20.0,2
0041400132,-1,-1,35.40078,47.20365,0.74518,80,322.69,20.0,2
0041400132,1610612761,101150,37.37146,47.35934,0.0,80,322.69,20.0,2
0041400132,1610612761,101161,63.58313,23.58178,0.0,80,322.69,20.0,2
0041400132,1610612761,202349,62.995,26.14399,0.0,80,322.69,20.0,2
0041400132,1610612761,201949,41.12593,35.9182,0.0,80,322.69,20.0,2
0041400132,1610612761,201942,38.99691,-1.76979,0.0,80,322.69,20.0,2
0041400132,1610612764,1718,24.43732,39.658,0.0,80,322.69,20.0,2
0041400132,1610612764,2403,21.8968,24.16131,0.0,80,322.69,20.0,2
0041400132,1610612764,202322,30.60294,28.50597,0.0,80,322.69,20.0,2
0041400132,1610612764,203078,43.39887,21.66935,0.0,80,322.69,20.0,2
0041400132,1610612764,203490,31.39947,7.63415,0.0,80,322.69,20.0,2
0041400132,-1,-1,34.99668,46.87736,1.44291,81,322.65,20.0,2
0041400132,1610612761,101150,36.88038,47.4512,0.0,81,322.65,20.0,2
0041400132,1610612761,101161,63.30268,23.47975,0.0,81,322.65,20.0,2
0041400132,1610612761,202349,62.78205,26.05409,0.0,81,322.65,20.0,2
0041400132,1610612761,201949,40.94637,35.85369,0.0,81,322.65,20.0,2
0041400132,1610612761,201942,39.16534,-1.58669,0.0,81,322.65,20.0,2
0041400132,1610612764,1718,24.4323,39.86512,0.0,81,322.65,20.0,2
0041400132,1610612764,2403,21.86443,24.29338,0.0,81,322.65,20.0,2
0041400132,1610612764,202322,30.42027,28.66318,0.0,81,322.65,20.0,2
0041400132,1610612764,203078,43.26616,21.57061,0.0,81,322.65,20.0,2
0041400132,1610612764,203490,31.30314,7.55619,0.0,81,322.65,20.0,2
0041400132,-1,-1,34.54379,47.08409,1.72001,82,322.61,20.0,2
0041400132,1610612761,101150,36.40015,47.54122,0.0,82,322.61,20.0,2
0041400132,1610612761,101161,63.03198,23.37924,0.0,82,322.61,20.0,2
0041400132,1610612761,202349,62.54495,25.95839,0.0,82,322.61,20.0,2
0041400132,1610612761,201949,40.77108,35.78857,0.0,82,322.61,20.0,2
0041400132,1610612761,201942,39.38057,-1.37375,0.0,82,322.61,20.0,2
0041400132,1610612764,1718,24.43265,40.06135,0.0,82,322.61,20.0,2
0041400132,1610612764,2403,21.79983,24.43077,0.0,82,322.61,20.0,2
0041400132,1610612764,202322,30.24037,28.82523,0.0,82,322.61,20.0,2
0041400132,1610612764,203078,43.12781,21.47344,0.0,82,322.61,20.0,2
0041400132,1610612764,203490,31.20302,7.46388,0.0,82,322.61,20.0,2
0041400132,-1,-1,34.15888,47.11199,2.20403,83,322.57,20.0,2
0041400132,1610612761,101150,35.92186,47.60889,0.0,83,322.57,20.0,2
0041400132,1610612761,101161,62.76875,23.27697,0.0,83,322.57,20.0,2
0041400132,1610612761,202349,62.32216,25.85414,0.0,83,322.57,20.0,2
0041400132,1610612761,201949,40.60112,35.72629,0.0,83,322.57,20.0,2
0041400132,1610612761,201942,39.64435,-1.13202,0.0,83,322.57,20.0,2
0041400132,1610612764,1718,24.37549,40.20732,0.0,83,322.57,20.0,2
0041400132,1610612764,2403,21.73938,24.57201,0.0,83,322.57,20.0,2
0041400132,1610612764,202322,30.06358,28.99506,0.0,83,322.57,20.0,2
0041400132,1610612764,203078,43.00045,21.36859,0.0,83,322.57,20.0,2
0041400132,1610612764,203490,31.0738,7.38767,0.0,83,322.57,20.0,2
0041400132,-1,-1,33.68115,47.18962,2.5453,84,322.53,20.0,2
0041400132,1610612761,101150,35.45515,47.67354,0.0,84,322.53,20.0,2
0041400132,1610612761,101161,62.51359,23.18304,0.0,84,322.53,20.0,2
0041400132,1610612761,202349,62.0842,25.74578,0.0,84,322.53,20.0,2
0041400132,1610612761,201949,40.42942,35.66845,0.0,84,322.53,20.0,2
0041400132,1610612761,201942,39.95615,-0.86061,0.0,84,322.53,20.0,2
0041400132,1610612764,1718,24.32197,40.3777,0.0,84,322.53,20.0,2
0041400132,1610612764,2403,21.66654,24.66448,0.0,84,322.53,20.0,2
0041400132,1610612764,202322,29.88647,29.16823,0.0,84,322.53,20.0,2
0041400132,1610612764,203078,42.88409,21.25192,0.0,84,322.53,20.0,2
0041400132,1610612764,203490,30.94651,7.31133,0.0,84,322.53,20.0,2
0041400132,-1,-1,33.239,47.34002,2.87462,85,322.49,20.0,2
0041400132,1610612761,101150,34.99163,47.73467,0.0,85,322.49,20.0,2
0041400132,1610612761,101161,62.24263,23.07443,0.0,85,322.49,20.0,2
0041400132,1610612761,202349,61.86292,25.64096,0.0,85,322.49,20.0,2
0041400132,1610612761,201949,40.25513,35.60202,0.0,85,322.49,20.0,2
0041400132,1610612761,201942,40.31688,-0.55808,0.0,85,322.49,20.0,2
0041400132,1610612764,1718,24.22392,40.5292,0.0,85,322.49,20.0,2
0041400132,1610612764,2403,21.62991,24.78739,0.0,85,322.49,20.0,2
0041400132,1610612764,202322,29.71061,29.34591,0.0,85,322.49,20.0,2
0041400132,1610612764,203078,42.77498,21.14202,0.0,85,322.49,20.0,2
0041400132,1610612764,203490,30.81774,7.24396,0.0,85,322.49,20.0,2
0041400132,-1,-1,32.73401,47.4067,3.19715,86,322.45,20.0,2
0041400132,1610612761,101150,34.5185,47.78309,0.0,86,322.45,20.0,2
0041400132,1610612761,101161,61.98511,22.96427,0.0,86,322.45,20.0,2
0041400132,1610612761,202349,61.63588,25.53227,0.0,86,322.45,20.0,2
0041400132,1610612761,201949,40.08632,35.52624,0.0,86,322.45,20.0,2
0041400132,1610612761,201942,40.72645,-0.22709,0.0,86,322.45,20.0,2
0041400132,1610612764,1718,24.11878,40.68094,0.0,86,322.45,20.0,2
0041400132,1610612764,2403,21.59117,24.90012,0.0,86,322.45,20.0,2
0041400132,1610612764,202322,29.53563,29.52153,0.0,86,322.45,20.0,2
0041400132,1610612764,203078,42.6802,21.02586,0.0,86,322.45,20.0,2
0041400132,1610612764,203490,30.69263,7.18326,0.0,86,322.45,20.0,2
0041400132,-1,-1,32.43232,47.44532,3.25854,87,322.41,20.0,2
0041400132,1610612761,101150,34.03651,47.82015,0.0,87,322.41,20.0,2
0041400132,1610612761,101161,61.72869,22.84584,0.0,87,322.41,20.0,2
0041400132,1610612761,202349,61.41034,25.39478,0.0,87,322.41,20.0,2
0041400132,1610612761,201949,39.91216,35.44411,0.0,87,322.41,20.0,2
0041400132,1610612761,201942,41.13835,0.08908,0.0,87,322.41,20.0,2
0041400132,1610612764,1718,24.06113,40.85404,0.0,87,322.41,20.0,2
0041400132,1610612764,2403,21.55553,25.01028,0.0,87,322.41,20.0,2
0041400132,1610612764,202322,29.36765,29.70115,0.0,87,322.41,20.0,2
0041400132,1610612764,203078,42.5947,20.9127,0.0,87,322.41,20.0,2
0041400132,1610612764,203490,30.57938,7.13207,0.0,87,322.41,20.0,2
0041400132,-1,-1,32.03711,47.35757,3.49246,88,322.37,20.0,2
0041400132,1610612761,101150,33.57538,47.85784,0.0,88,322.37,20.0,2
0041400132,1610612761,101161,61.46836,22.72567,0.0,88,322.37,20.0,2
0041400132,1610612761,202349,61.1943,25.28901,0.0,88,322.37,20.0,2
0041400132,1610612761,201949,39.74134,35.3538,0.0,88,322.37,20.0,2
0041400132,1610612761,201942,41.54763,0.40248,0.0,88,322.37,20.0,2
0041400132,1610612764,1718,23.94472,40.99223,0.0,88,322.37,20.0,2
0041400132,1610612764,2403,21.52071,25.12397,0.0,88,322.37,20.0,2
0041400132,1610612764,202322,29.20716,29.87356,0.0,88,322.37,20.0,2
0041400132,1610612764,203078,42.53177,20.80423,0.0,88,322.37,20.0,2
0041400132,1610612764,203490,30.46989,7.08936,0.0,88,322.37,20.0,2
0041400132,-1,-1,31.47015,47.76999,3.52073,89,322.33,20.0,2
0041400132,1610612761,101150,33.13091,47.89451,0.0,89,322.33,20.0,2
0041400132,1610612761,101161,61.21736,22.61146,0.0,89,322.33,20.0,2
0041400132,1610612761,202349,60.97726,25.18015,0.0,89,322.33,20.0,2
0041400132,1610612761,201949,39.5689,35.25186,0.0,89,322.33,20.0,2
0041400132,1610612761,201942,41.95271,0.70856,0.0,89,322.33,20.0,2
0041400132,1610612764,1718,23.82858,41.12955,0.0,89,322.33,20.0,2
0041400132,1610612764,2403,21.48816,25.23585,0.0,89,322.33,20.0,2
0041400132,1610612764,202322,29.0619,30.04655,0.0,89,322.33,20.0,2
0041400132,1610612764,203078,42.46632,20.69222,0.0,89,322.33,20.0,2
0041400132,1610612764,203490,30.36171,7.05066,0.0,89,322.33,20.0,2
0041400132,-1,-1,31.02272,47.81425,3.55526,90,322.29,20.0,2
0041400132,1610612761,101150,32.70268,47.93683,0.0,90,322.29,20.0,2
0041400132,1610612761,101161,60.97912,22.49574,0.0,90,322.29,20.0,2
0041400132,1610612761,202349,60.75358,25.07171,0.0,90,322.29,20.0,2
0041400132,1610612761,201949,39.39574,35.14743,0.0,90,322.29,20.0,2
0041400132,1610612761,201942,42.35202,1.00856,0.0,90,322.29,20.0,2
0041400132,1610612764,1718,23.7063,41.25732,0.0,90,322.29,20.0,2
0041400132,1610612764,2403,21.45844,25.3665,0.0,90,322.29,20.0,2
0041400132,1610612764,202322,28.92924,30.21448,0.0,90,322.29,20.0,2
0041400132,1610612764,203078,42.41742,20.58954,0.0,90,322.29,20.0,2
0041400132,1610612764,203490,30.27279,7.02574,0.0,90,322.29,20.0,2
0041400132,-1,-1,30.55845,47.95017,3.65471,91,322.25,20.0,2
0041400132,1610612761,101150,32.27094,47.98296,0.0,91,322.25,20.0,2
0041400132,1610612761,101161,60.7545,22.40612,0.0,91,322.25,20.0,2
0041400132,1610612761,202349,60.53836,24.95633,0.0,91,322.25,20.0,2
0041400132,1610612761,201949,39.22923,35.03612,0.0,91,322.25,20.0,2
0041400132,1610612761,201942,42.73939,1.30354,0.0,91,322.25,20.0,2
0041400132,1610612764,1718,23.58028,41.37955,0.0,91,322.25,20.0,2
0041400132,1610612764,2403,21.42591,25.49868,0.0,91,322.25,20.0,2
0041400132,1610612764,202322,28.79236,30.36582,0.0,91,322.25,20.0,2
0041400132,1610612764,203078,42.36935,20.47935,0.0,91,322.25,20.0,2
0041400132,1610612764,203490,30.19398,7.00441,0.0,91,322.25,20.0,2
0041400132,1610612761,101150,31.84274,48.02862,0.0,92,322.21,20.0,2
0041400132,1610612761,101161,60.53965,22.30804,0.0,92,322.21,20.0,2
0041400132,1610612761,202349,60.30217,24.83243,0.0,92,322.21,20.0,2
0041400132,1610612761,201949,39.06726,34.9242,0.0,92,322.21,20.0,2
0041400132,1610612761,201942,43.06919,1.57096,0.0,92,322.21,20.0,2
0041400132,1610612764,1718,23.45566,41.47809,0.0,92,322.21,20.0,2
0041400132,1610612764,2403,21.39902,25.6307,0.0,92,322.21,20.0,2
0041400132,1610612764,202322,28.66429,30.52104,0.0,92,322.21,20.0,2
0041400132,1610612764,203078,42.33061,20.35872,0.0,92,322.21,20.0,2
0041400132,1610612764,203490,30.09432,6.97949,0.0,92,322.21,20.0,2
